"","Method","Silhouette"
"1","K-means",0.214907486074561
"2","Hierarchical",0.179291097303489
"3","DBSCAN",0.244024261784441
"4","Model-based",0.0687407696346415
