"","cluster","total_pop","cases_per_1000","deaths_per_1000","percent_vaccinated","median_income","percent_below_poverty","n_counties"
"1",0,193688.204081633,80.0923056725603,1.94974570506639,35.6326530612245,51372.6734693878,16.9204081632653,49
"2",1,89176.9552238806,77.6274732920915,1.84680385897106,36.6268656716418,49499.6815920398,16.763184079602,203
