"","cluster","total_pop","cases_per_1000","deaths_per_1000","percent_vaccinated","median_income","percent_below_poverty","n_counties"
"1",1,68452.9038461538,82.5727162793716,2.18447961848049,35.0192307692308,49235.6730769231,16.8019230769231,52
"2",2,68506.0526315789,76.6976504607509,1.92524694343761,32.3947368421053,48957.0789473684,16.1697368421053,78
"3",3,179910.133333333,73.8447788381068,1.68482616896856,40.6666666666667,51749.05,16.8883333333333,60
"4",4,90640.5593220339,80.9556085570213,1.74112335714916,38.1016949152542,49280.5254237288,17.5525423728814,59
"5",5,835626,65.9249309902645,1.00585304309281,45.6666666666667,57736.6666666667,15.6666666666667,3
