"","cluster","total_pop","cases_per_1000","deaths_per_1000","percent_vaccinated","median_income","percent_below_poverty","n_counties"
"1",1,108066.272727273,80.9511841872642,1.7316836143976,37.5324675324675,49283.5584415584,17.3727272727273,77
"2",2,81860.2857142857,80.1997188496847,2.01170684337495,35.6785714285714,51020.5,16.0535714285714,28
"3",3,42003.0365853659,79.2416408502654,2.11771023948355,32.9390243902439,48719.6341463415,16.1731707317073,84
"4",4,212029.365079365,72.2380515830726,1.64167374032812,39.968253968254,51559.9841269841,17.2238095238095,63
