"","cluster","total_pop","cases_per_1000","deaths_per_1000","percent_vaccinated","median_income","percent_below_poverty","n_counties"
"1",1,81860.2857142857,80.1997188496847,2.01170684337495,35.6785714285714,51020.5,16.0535714285714,28
"2",2,108066.272727273,80.9511841872642,1.7316836143976,37.5324675324675,49283.5584415584,17.3727272727273,77
"3",3,638830.25,63.1660110639522,0.893728799308646,45,56679,16.5,4
"4",4,41839.1463414634,79.2067718809616,2.12929836866462,32.9146341463415,48648.256097561,16.1817073170732,84
"5",5,183321.491525424,72.9015671349268,1.67627633645066,39.6610169491525,51312.1355932203,17.2610169491525,59
