"","cluster","total_pop","cases_per_1000","deaths_per_1000","percent_vaccinated","median_income","percent_below_poverty","n_counties"
"1",1,638830.25,63.1660110639522,0.893728799308646,45,56679,16.5,4
"2",2,185882.982758621,73.4459387864418,1.70538393284978,39.6379310344828,51123.275862069,17.2862068965517,58
"3",3,111768.904109589,81.1246800764384,1.74629235949,37.7671232876712,49539.0410958904,17.4232876712329,73
"4",4,76542.7083333333,85.7063056303343,2.14687419179227,35.7916666666667,49116.8125,16.4229166666667,48
"5",5,37193.3921568627,75.4496987735067,1.95789369454777,31.6862745098039,49797.5490196078,15.7352941176471,53
"6",6,21794.5625,70.6986039069701,2.11725312676123,33.625,47574.9375,16.7,16
