"","cluster","total_pop","cases_per_1000","deaths_per_1000","percent_vaccinated","median_income","percent_below_poverty","n_counties"
"1",1,436586.944444444,77.2030900448624,1.4128981457742,42.5,56539.6666666667,16.0777777777778,18
"2",2,36006.2673267327,75.89380731651,2.04071042032528,32.2970297029703,49787.9405940594,15.4376237623762,103
"3",3,60962.44,81.3152976440357,1.85377748786228,37.36,48433.5,17.629,100
"4",4,316898.322580645,75.522102757653,1.60720797865869,43.3870967741936,50872.6129032258,18.9354838709677,31
